--
-- PostgreSQL database dump
--

-- Dumped from database version 13.13 (Debian 13.13-1.pgdg120+1)
-- Dumped by pg_dump version 13.13 (Debian 13.13-1.pgdg120+1)

SET statement_timeout = 0;
SET lock_timeout = 0;
SET idle_in_transaction_session_timeout = 0;
SET client_encoding = 'UTF8';
SET standard_conforming_strings = on;
SELECT pg_catalog.set_config('search_path', '', false);
SET check_function_bodies = false;
SET xmloption = content;
SET client_min_messages = warning;
SET row_security = off;

SET default_tablespace = '';

SET default_table_access_method = heap;

--
-- Name: auth_group; Type: TABLE; Schema: public; Owner: survey
--

CREATE TABLE public.auth_group (
    id integer NOT NULL,
    name character varying(150) NOT NULL
);


ALTER TABLE public.auth_group OWNER TO survey;

--
-- Name: auth_group_id_seq; Type: SEQUENCE; Schema: public; Owner: survey
--

ALTER TABLE public.auth_group ALTER COLUMN id ADD GENERATED BY DEFAULT AS IDENTITY (
    SEQUENCE NAME public.auth_group_id_seq
    START WITH 1
    INCREMENT BY 1
    NO MINVALUE
    NO MAXVALUE
    CACHE 1
);


--
-- Name: auth_group_permissions; Type: TABLE; Schema: public; Owner: survey
--

CREATE TABLE public.auth_group_permissions (
    id bigint NOT NULL,
    group_id integer NOT NULL,
    permission_id integer NOT NULL
);


ALTER TABLE public.auth_group_permissions OWNER TO survey;

--
-- Name: auth_group_permissions_id_seq; Type: SEQUENCE; Schema: public; Owner: survey
--

ALTER TABLE public.auth_group_permissions ALTER COLUMN id ADD GENERATED BY DEFAULT AS IDENTITY (
    SEQUENCE NAME public.auth_group_permissions_id_seq
    START WITH 1
    INCREMENT BY 1
    NO MINVALUE
    NO MAXVALUE
    CACHE 1
);


--
-- Name: auth_permission; Type: TABLE; Schema: public; Owner: survey
--

CREATE TABLE public.auth_permission (
    id integer NOT NULL,
    name character varying(255) NOT NULL,
    content_type_id integer NOT NULL,
    codename character varying(100) NOT NULL
);


ALTER TABLE public.auth_permission OWNER TO survey;

--
-- Name: auth_permission_id_seq; Type: SEQUENCE; Schema: public; Owner: survey
--

ALTER TABLE public.auth_permission ALTER COLUMN id ADD GENERATED BY DEFAULT AS IDENTITY (
    SEQUENCE NAME public.auth_permission_id_seq
    START WITH 1
    INCREMENT BY 1
    NO MINVALUE
    NO MAXVALUE
    CACHE 1
);


--
-- Name: auth_user; Type: TABLE; Schema: public; Owner: survey
--

CREATE TABLE public.auth_user (
    id integer NOT NULL,
    password character varying(128) NOT NULL,
    last_login timestamp with time zone,
    is_superuser boolean NOT NULL,
    username character varying(150) NOT NULL,
    first_name character varying(150) NOT NULL,
    last_name character varying(150) NOT NULL,
    email character varying(254) NOT NULL,
    is_staff boolean NOT NULL,
    is_active boolean NOT NULL,
    date_joined timestamp with time zone NOT NULL
);


ALTER TABLE public.auth_user OWNER TO survey;

--
-- Name: auth_user_groups; Type: TABLE; Schema: public; Owner: survey
--

CREATE TABLE public.auth_user_groups (
    id bigint NOT NULL,
    user_id integer NOT NULL,
    group_id integer NOT NULL
);


ALTER TABLE public.auth_user_groups OWNER TO survey;

--
-- Name: auth_user_groups_id_seq; Type: SEQUENCE; Schema: public; Owner: survey
--

ALTER TABLE public.auth_user_groups ALTER COLUMN id ADD GENERATED BY DEFAULT AS IDENTITY (
    SEQUENCE NAME public.auth_user_groups_id_seq
    START WITH 1
    INCREMENT BY 1
    NO MINVALUE
    NO MAXVALUE
    CACHE 1
);


--
-- Name: auth_user_id_seq; Type: SEQUENCE; Schema: public; Owner: survey
--

ALTER TABLE public.auth_user ALTER COLUMN id ADD GENERATED BY DEFAULT AS IDENTITY (
    SEQUENCE NAME public.auth_user_id_seq
    START WITH 1
    INCREMENT BY 1
    NO MINVALUE
    NO MAXVALUE
    CACHE 1
);


--
-- Name: auth_user_user_permissions; Type: TABLE; Schema: public; Owner: survey
--

CREATE TABLE public.auth_user_user_permissions (
    id bigint NOT NULL,
    user_id integer NOT NULL,
    permission_id integer NOT NULL
);


ALTER TABLE public.auth_user_user_permissions OWNER TO survey;

--
-- Name: auth_user_user_permissions_id_seq; Type: SEQUENCE; Schema: public; Owner: survey
--

ALTER TABLE public.auth_user_user_permissions ALTER COLUMN id ADD GENERATED BY DEFAULT AS IDENTITY (
    SEQUENCE NAME public.auth_user_user_permissions_id_seq
    START WITH 1
    INCREMENT BY 1
    NO MINVALUE
    NO MAXVALUE
    CACHE 1
);


--
-- Name: django_admin_log; Type: TABLE; Schema: public; Owner: survey
--

CREATE TABLE public.django_admin_log (
    id integer NOT NULL,
    action_time timestamp with time zone NOT NULL,
    object_id text,
    object_repr character varying(200) NOT NULL,
    action_flag smallint NOT NULL,
    change_message text NOT NULL,
    content_type_id integer,
    user_id integer NOT NULL,
    CONSTRAINT django_admin_log_action_flag_check CHECK ((action_flag >= 0))
);


ALTER TABLE public.django_admin_log OWNER TO survey;

--
-- Name: django_admin_log_id_seq; Type: SEQUENCE; Schema: public; Owner: survey
--

ALTER TABLE public.django_admin_log ALTER COLUMN id ADD GENERATED BY DEFAULT AS IDENTITY (
    SEQUENCE NAME public.django_admin_log_id_seq
    START WITH 1
    INCREMENT BY 1
    NO MINVALUE
    NO MAXVALUE
    CACHE 1
);


--
-- Name: django_content_type; Type: TABLE; Schema: public; Owner: survey
--

CREATE TABLE public.django_content_type (
    id integer NOT NULL,
    app_label character varying(100) NOT NULL,
    model character varying(100) NOT NULL
);


ALTER TABLE public.django_content_type OWNER TO survey;

--
-- Name: django_content_type_id_seq; Type: SEQUENCE; Schema: public; Owner: survey
--

ALTER TABLE public.django_content_type ALTER COLUMN id ADD GENERATED BY DEFAULT AS IDENTITY (
    SEQUENCE NAME public.django_content_type_id_seq
    START WITH 1
    INCREMENT BY 1
    NO MINVALUE
    NO MAXVALUE
    CACHE 1
);


--
-- Name: django_migrations; Type: TABLE; Schema: public; Owner: survey
--

CREATE TABLE public.django_migrations (
    id bigint NOT NULL,
    app character varying(255) NOT NULL,
    name character varying(255) NOT NULL,
    applied timestamp with time zone NOT NULL
);


ALTER TABLE public.django_migrations OWNER TO survey;

--
-- Name: django_migrations_id_seq; Type: SEQUENCE; Schema: public; Owner: survey
--

ALTER TABLE public.django_migrations ALTER COLUMN id ADD GENERATED BY DEFAULT AS IDENTITY (
    SEQUENCE NAME public.django_migrations_id_seq
    START WITH 1
    INCREMENT BY 1
    NO MINVALUE
    NO MAXVALUE
    CACHE 1
);


--
-- Name: django_session; Type: TABLE; Schema: public; Owner: survey
--

CREATE TABLE public.django_session (
    session_key character varying(40) NOT NULL,
    session_data text NOT NULL,
    expire_date timestamp with time zone NOT NULL
);


ALTER TABLE public.django_session OWNER TO survey;

--
-- Name: main_answer; Type: TABLE; Schema: public; Owner: survey
--

CREATE TABLE public.main_answer (
    id bigint NOT NULL,
    question_id bigint NOT NULL,
    survey_id bigint NOT NULL,
    chosen_variant_id bigint NOT NULL,
    session character varying(500) NOT NULL
);


ALTER TABLE public.main_answer OWNER TO survey;

--
-- Name: main_done_answer_id_seq; Type: SEQUENCE; Schema: public; Owner: survey
--

ALTER TABLE public.main_answer ALTER COLUMN id ADD GENERATED BY DEFAULT AS IDENTITY (
    SEQUENCE NAME public.main_done_answer_id_seq
    START WITH 1
    INCREMENT BY 1
    NO MINVALUE
    NO MAXVALUE
    CACHE 1
);


--
-- Name: main_question; Type: TABLE; Schema: public; Owner: survey
--

CREATE TABLE public.main_question (
    id bigint NOT NULL,
    name character varying(500) NOT NULL,
    survey_id bigint NOT NULL
);


ALTER TABLE public.main_question OWNER TO survey;

--
-- Name: main_question_id_seq; Type: SEQUENCE; Schema: public; Owner: survey
--

ALTER TABLE public.main_question ALTER COLUMN id ADD GENERATED BY DEFAULT AS IDENTITY (
    SEQUENCE NAME public.main_question_id_seq
    START WITH 1
    INCREMENT BY 1
    NO MINVALUE
    NO MAXVALUE
    CACHE 1
);


--
-- Name: main_questionsession; Type: TABLE; Schema: public; Owner: survey
--

CREATE TABLE public.main_questionsession (
    id bigint NOT NULL,
    session character varying(500) NOT NULL,
    question_id bigint NOT NULL
);


ALTER TABLE public.main_questionsession OWNER TO survey;

--
-- Name: main_questionsession_id_seq; Type: SEQUENCE; Schema: public; Owner: survey
--

ALTER TABLE public.main_questionsession ALTER COLUMN id ADD GENERATED BY DEFAULT AS IDENTITY (
    SEQUENCE NAME public.main_questionsession_id_seq
    START WITH 1
    INCREMENT BY 1
    NO MINVALUE
    NO MAXVALUE
    CACHE 1
);


--
-- Name: main_survey; Type: TABLE; Schema: public; Owner: survey
--

CREATE TABLE public.main_survey (
    id bigint NOT NULL,
    name character varying(500) NOT NULL
);


ALTER TABLE public.main_survey OWNER TO survey;

--
-- Name: main_survey_id_seq; Type: SEQUENCE; Schema: public; Owner: survey
--

ALTER TABLE public.main_survey ALTER COLUMN id ADD GENERATED BY DEFAULT AS IDENTITY (
    SEQUENCE NAME public.main_survey_id_seq
    START WITH 1
    INCREMENT BY 1
    NO MINVALUE
    NO MAXVALUE
    CACHE 1
);


--
-- Name: main_surveysession; Type: TABLE; Schema: public; Owner: survey
--

CREATE TABLE public.main_surveysession (
    id bigint NOT NULL,
    session character varying(500) NOT NULL,
    survey_id bigint NOT NULL
);


ALTER TABLE public.main_surveysession OWNER TO survey;

--
-- Name: main_surveysession_id_seq; Type: SEQUENCE; Schema: public; Owner: survey
--

ALTER TABLE public.main_surveysession ALTER COLUMN id ADD GENERATED BY DEFAULT AS IDENTITY (
    SEQUENCE NAME public.main_surveysession_id_seq
    START WITH 1
    INCREMENT BY 1
    NO MINVALUE
    NO MAXVALUE
    CACHE 1
);


--
-- Name: main_variant; Type: TABLE; Schema: public; Owner: survey
--

CREATE TABLE public.main_variant (
    id bigint NOT NULL,
    name character varying(500) NOT NULL,
    question_id bigint NOT NULL,
    next_question_id bigint
);


ALTER TABLE public.main_variant OWNER TO survey;

--
-- Name: main_variant_id_seq; Type: SEQUENCE; Schema: public; Owner: survey
--

ALTER TABLE public.main_variant ALTER COLUMN id ADD GENERATED BY DEFAULT AS IDENTITY (
    SEQUENCE NAME public.main_variant_id_seq
    START WITH 1
    INCREMENT BY 1
    NO MINVALUE
    NO MAXVALUE
    CACHE 1
);


--
-- Data for Name: auth_group; Type: TABLE DATA; Schema: public; Owner: survey
--

COPY public.auth_group (id, name) FROM stdin;
\.


--
-- Data for Name: auth_group_permissions; Type: TABLE DATA; Schema: public; Owner: survey
--

COPY public.auth_group_permissions (id, group_id, permission_id) FROM stdin;
\.


--
-- Data for Name: auth_permission; Type: TABLE DATA; Schema: public; Owner: survey
--

COPY public.auth_permission (id, name, content_type_id, codename) FROM stdin;
1	Can add log entry	1	add_logentry
2	Can change log entry	1	change_logentry
3	Can delete log entry	1	delete_logentry
4	Can view log entry	1	view_logentry
5	Can add permission	2	add_permission
6	Can change permission	2	change_permission
7	Can delete permission	2	delete_permission
8	Can view permission	2	view_permission
9	Can add group	3	add_group
10	Can change group	3	change_group
11	Can delete group	3	delete_group
12	Can view group	3	view_group
13	Can add user	4	add_user
14	Can change user	4	change_user
15	Can delete user	4	delete_user
16	Can view user	4	view_user
17	Can add content type	5	add_contenttype
18	Can change content type	5	change_contenttype
19	Can delete content type	5	delete_contenttype
20	Can view content type	5	view_contenttype
21	Can add session	6	add_session
22	Can change session	6	change_session
23	Can delete session	6	delete_session
24	Can view session	6	view_session
25	Can add survey	7	add_survey
26	Can change survey	7	change_survey
27	Can delete survey	7	delete_survey
28	Can view survey	7	view_survey
29	Can add question	8	add_question
30	Can change question	8	change_question
31	Can delete question	8	delete_question
32	Can view question	8	view_question
33	Can add variant	9	add_variant
34	Can change variant	9	change_variant
35	Can delete variant	9	delete_variant
36	Can view variant	9	view_variant
37	Can add done_answer	10	add_done_answer
38	Can change done_answer	10	change_done_answer
39	Can delete done_answer	10	delete_done_answer
40	Can view done_answer	10	view_done_answer
41	Can add answer	10	add_answer
42	Can change answer	10	change_answer
43	Can delete answer	10	delete_answer
44	Can view answer	10	view_answer
45	Can add survey session	11	add_surveysession
46	Can change survey session	11	change_surveysession
47	Can delete survey session	11	delete_surveysession
48	Can view survey session	11	view_surveysession
49	Can add question session	12	add_questionsession
50	Can change question session	12	change_questionsession
51	Can delete question session	12	delete_questionsession
52	Can view question session	12	view_questionsession
\.


--
-- Data for Name: auth_user; Type: TABLE DATA; Schema: public; Owner: survey
--

COPY public.auth_user (id, password, last_login, is_superuser, username, first_name, last_name, email, is_staff, is_active, date_joined) FROM stdin;
1	pbkdf2_sha256$720000$XUcdsr8h17MbAK4IUsyPrJ$zbnpadSbo/8dfg5PoxwRk6QF1VvVSIJy2vnpN40ePcI=	2024-02-08 22:18:36.942353+00	t	admin			admin@admin.ru	t	t	2024-02-02 11:14:46.188029+00
\.


--
-- Data for Name: auth_user_groups; Type: TABLE DATA; Schema: public; Owner: survey
--

COPY public.auth_user_groups (id, user_id, group_id) FROM stdin;
\.


--
-- Data for Name: auth_user_user_permissions; Type: TABLE DATA; Schema: public; Owner: survey
--

COPY public.auth_user_user_permissions (id, user_id, permission_id) FROM stdin;
\.


--
-- Data for Name: django_admin_log; Type: TABLE DATA; Schema: public; Owner: survey
--

COPY public.django_admin_log (id, action_time, object_id, object_repr, action_flag, change_message, content_type_id, user_id) FROM stdin;
1	2024-02-02 11:19:34.952466+00	1	Survey object (1)	1	[{"added": {}}]	7	1
2	2024-02-02 11:19:48.368525+00	2	Survey object (2)	1	[{"added": {}}]	7	1
3	2024-02-02 11:19:55.745793+00	2	Survey object (2)	2	[{"changed": {"fields": ["\\u041d\\u0430\\u0437\\u0432\\u0430\\u043d\\u0438\\u0435 \\u043e\\u043f\\u0440\\u043e\\u0441\\u0430"]}}]	7	1
4	2024-02-02 11:20:10.477394+00	2	Survey object (2)	2	[{"changed": {"fields": ["\\u041d\\u0430\\u0437\\u0432\\u0430\\u043d\\u0438\\u0435 \\u043e\\u043f\\u0440\\u043e\\u0441\\u0430"]}}]	7	1
5	2024-02-02 11:20:18.03678+00	2	Survey object (2)	2	[]	7	1
6	2024-02-02 11:20:27.555656+00	3	Survey object (3)	1	[{"added": {}}]	7	1
7	2024-02-02 11:41:40.617235+00	1	Question object (1)	1	[{"added": {}}]	8	1
8	2024-02-02 11:41:47.665429+00	2	Question object (2)	1	[{"added": {}}]	8	1
9	2024-02-02 11:41:57.738375+00	3	Question object (3)	1	[{"added": {}}]	8	1
10	2024-02-02 11:42:06.429942+00	4	Question object (4)	1	[{"added": {}}]	8	1
11	2024-02-02 11:42:15.136187+00	5	Question object (5)	1	[{"added": {}}]	8	1
12	2024-02-02 11:42:24.570205+00	6	Question object (6)	1	[{"added": {}}]	8	1
13	2024-02-02 14:18:09.315339+00	1	Variant object (1)	1	[{"added": {}}]	9	1
14	2024-02-02 14:18:18.407353+00	2	Variant object (2)	1	[{"added": {}}]	9	1
15	2024-02-02 14:18:24.959854+00	3	Variant object (3)	1	[{"added": {}}]	9	1
16	2024-02-02 19:48:45.530723+00	5	Answer object (5)	3		10	1
17	2024-02-02 19:48:45.535499+00	4	Answer object (4)	3		10	1
18	2024-02-02 19:48:45.538743+00	3	Answer object (3)	3		10	1
19	2024-02-02 19:48:45.543019+00	2	Answer object (2)	3		10	1
20	2024-02-02 19:48:45.546711+00	1	Answer object (1)	3		10	1
21	2024-02-02 19:48:55.804679+00	6	Answer object (6)	3		10	1
22	2024-02-02 19:51:23.442658+00	4	Variant object (4)	1	[{"added": {}}]	9	1
23	2024-02-02 19:51:45.232433+00	5	Variant object (5)	1	[{"added": {}}]	9	1
24	2024-02-02 19:52:03.350358+00	6	Variant object (6)	1	[{"added": {}}]	9	1
25	2024-02-02 19:52:11.058497+00	7	Variant object (7)	1	[{"added": {}}]	9	1
26	2024-02-02 19:52:18.439014+00	8	Variant object (8)	1	[{"added": {}}]	9	1
27	2024-02-02 19:52:35.232839+00	9	Variant object (9)	1	[{"added": {}}]	9	1
28	2024-02-02 19:52:43.84858+00	10	Variant object (10)	1	[{"added": {}}]	9	1
29	2024-02-02 19:53:26.094554+00	7	Answer object (7)	3		10	1
30	2024-02-02 19:58:51.604146+00	6	Question object (6)	2	[{"changed": {"fields": ["\\u0412\\u043e\\u043f\\u0440\\u043e\\u0441"]}}]	8	1
31	2024-02-02 19:59:17.873326+00	12	Answer object (12)	3		10	1
32	2024-02-02 19:59:17.878444+00	11	Answer object (11)	3		10	1
33	2024-02-02 19:59:17.882111+00	10	Answer object (10)	3		10	1
34	2024-02-02 19:59:17.885858+00	9	Answer object (9)	3		10	1
35	2024-02-02 19:59:17.889586+00	8	Answer object (8)	3		10	1
36	2024-02-02 20:03:41.293788+00	15	Answer object (15)	3		10	1
37	2024-02-02 20:03:41.298515+00	14	Answer object (14)	3		10	1
38	2024-02-02 20:03:41.302195+00	13	Answer object (13)	3		10	1
39	2024-02-02 20:06:33.776889+00	9	Variant object (9)	2	[{"changed": {"fields": ["Question"]}}]	9	1
40	2024-02-02 20:06:42.200933+00	10	Variant object (10)	2	[{"changed": {"fields": ["Question"]}}]	9	1
41	2024-02-02 20:06:55.374782+00	18	Answer object (18)	3		10	1
42	2024-02-02 20:06:55.379496+00	17	Answer object (17)	3		10	1
43	2024-02-02 20:06:55.383203+00	16	Answer object (16)	3		10	1
44	2024-02-02 20:15:10.738589+00	30	Answer object (30)	3		10	1
45	2024-02-02 20:15:10.742794+00	29	Answer object (29)	3		10	1
46	2024-02-02 20:15:10.746882+00	28	Answer object (28)	3		10	1
47	2024-02-02 20:15:10.750555+00	27	Answer object (27)	3		10	1
48	2024-02-02 20:15:10.754287+00	26	Answer object (26)	3		10	1
49	2024-02-02 20:15:10.757997+00	25	Answer object (25)	3		10	1
50	2024-02-02 20:15:10.761425+00	24	Answer object (24)	3		10	1
51	2024-02-02 20:15:10.765155+00	23	Answer object (23)	3		10	1
52	2024-02-02 20:15:10.768329+00	22	Answer object (22)	3		10	1
53	2024-02-02 20:15:10.771726+00	21	Answer object (21)	3		10	1
54	2024-02-02 20:15:10.775474+00	20	Answer object (20)	3		10	1
55	2024-02-02 20:15:10.779224+00	19	Answer object (19)	3		10	1
56	2024-02-03 11:29:46.358136+00	34	Answer object (34)	3		10	1
57	2024-02-03 11:29:46.365426+00	33	Answer object (33)	3		10	1
58	2024-02-03 11:29:46.369107+00	32	Answer object (32)	3		10	1
59	2024-02-03 11:29:46.372777+00	31	Answer object (31)	3		10	1
60	2024-02-03 11:46:34.994809+00	3	SurveySession object (3)	3		11	1
61	2024-02-03 11:46:34.999755+00	2	SurveySession object (2)	3		11	1
62	2024-02-03 11:46:35.003966+00	1	SurveySession object (1)	3		11	1
63	2024-02-03 11:46:43.322877+00	36	Answer object (36)	3		10	1
64	2024-02-03 11:46:43.327374+00	35	Answer object (35)	3		10	1
65	2024-02-03 12:01:42.128848+00	5	SurveySession object (5)	3		11	1
66	2024-02-03 12:01:42.133876+00	4	SurveySession object (4)	3		11	1
67	2024-02-03 12:01:48.669552+00	38	Answer object (38)	3		10	1
68	2024-02-03 12:01:48.674213+00	37	Answer object (37)	3		10	1
69	2024-02-03 12:06:14.920549+00	9	SurveySession object (9)	3		11	1
70	2024-02-03 12:06:14.925325+00	6	SurveySession object (6)	3		11	1
71	2024-02-03 12:14:26.717431+00	12	SurveySession object (12)	3		11	1
72	2024-02-03 12:14:26.722207+00	11	SurveySession object (11)	3		11	1
73	2024-02-03 12:14:26.725876+00	10	SurveySession object (10)	3		11	1
74	2024-02-03 12:53:29.997818+00	22	SurveySession object (22)	3		11	1
75	2024-02-03 12:53:30.002735+00	21	SurveySession object (21)	3		11	1
76	2024-02-03 12:53:30.006362+00	20	SurveySession object (20)	3		11	1
77	2024-02-03 12:53:30.010121+00	16	SurveySession object (16)	3		11	1
78	2024-02-03 12:53:30.013774+00	15	SurveySession object (15)	3		11	1
79	2024-02-03 12:53:30.017436+00	14	SurveySession object (14)	3		11	1
80	2024-02-03 12:56:49.646878+00	39	Answer object (39)	3		10	1
81	2024-02-03 12:56:59.110265+00	24	SurveySession object (24)	3		11	1
82	2024-02-03 12:56:59.114458+00	23	SurveySession object (23)	3		11	1
83	2024-02-03 12:59:56.555653+00	40	Answer object (40)	3		10	1
84	2024-02-03 13:00:03.811459+00	25	SurveySession object (25)	3		11	1
85	2024-02-03 13:20:47.185393+00	29	SurveySession object (29)	3		11	1
86	2024-02-03 13:20:47.190229+00	28	SurveySession object (28)	3		11	1
87	2024-02-03 13:20:47.193905+00	27	SurveySession object (27)	3		11	1
88	2024-02-03 13:20:47.197557+00	26	SurveySession object (26)	3		11	1
89	2024-02-03 13:20:57.332529+00	42	Answer object (42)	3		10	1
90	2024-02-03 13:20:57.337358+00	41	Answer object (41)	3		10	1
91	2024-02-03 13:23:02.120588+00	7	QuestionSession object (7)	3		12	1
92	2024-02-03 13:23:02.128131+00	6	QuestionSession object (6)	3		12	1
93	2024-02-03 13:23:02.131808+00	5	QuestionSession object (5)	3		12	1
94	2024-02-03 13:23:02.135473+00	4	QuestionSession object (4)	3		12	1
95	2024-02-03 13:23:02.139113+00	3	QuestionSession object (3)	3		12	1
96	2024-02-03 13:23:02.142979+00	2	QuestionSession object (2)	3		12	1
97	2024-02-03 13:23:02.146675+00	1	QuestionSession object (1)	3		12	1
98	2024-02-03 13:28:00.182183+00	46	Answer object (46)	3		10	1
99	2024-02-03 13:28:00.187445+00	45	Answer object (45)	3		10	1
100	2024-02-03 13:28:00.190655+00	44	Answer object (44)	3		10	1
101	2024-02-03 13:28:00.194347+00	43	Answer object (43)	3		10	1
102	2024-02-03 13:28:06.411909+00	11	QuestionSession object (11)	3		12	1
103	2024-02-03 13:28:06.416677+00	10	QuestionSession object (10)	3		12	1
104	2024-02-03 13:28:06.420887+00	9	QuestionSession object (9)	3		12	1
105	2024-02-03 13:28:06.424039+00	8	QuestionSession object (8)	3		12	1
106	2024-02-03 13:28:12.83957+00	30	SurveySession object (30)	3		11	1
107	2024-02-03 13:37:41.638185+00	50	Answer object (50)	3		10	1
108	2024-02-03 13:37:41.643094+00	49	Answer object (49)	3		10	1
109	2024-02-03 13:37:41.64671+00	48	Answer object (48)	3		10	1
110	2024-02-03 13:37:41.650372+00	47	Answer object (47)	3		10	1
111	2024-02-03 13:37:51.237001+00	15	QuestionSession object (15)	3		12	1
112	2024-02-03 13:37:51.24163+00	14	QuestionSession object (14)	3		12	1
113	2024-02-03 13:37:51.245364+00	13	QuestionSession object (13)	3		12	1
114	2024-02-03 13:37:51.24878+00	12	QuestionSession object (12)	3		12	1
115	2024-02-03 13:37:59.28751+00	31	SurveySession object (31)	3		11	1
116	2024-02-03 13:39:55.879611+00	3	Survey object (3)	3		7	1
117	2024-02-03 13:40:12.546455+00	54	Answer object (54)	3		10	1
118	2024-02-03 13:40:12.551698+00	53	Answer object (53)	3		10	1
119	2024-02-03 13:40:12.555339+00	52	Answer object (52)	3		10	1
120	2024-02-03 13:40:12.558505+00	51	Answer object (51)	3		10	1
121	2024-02-03 13:40:41.067788+00	21	QuestionSession object (21)	3		12	1
122	2024-02-03 13:40:41.072483+00	20	QuestionSession object (20)	3		12	1
123	2024-02-03 13:40:41.076357+00	19	QuestionSession object (19)	3		12	1
124	2024-02-03 13:40:41.080081+00	18	QuestionSession object (18)	3		12	1
125	2024-02-03 13:40:41.083871+00	17	QuestionSession object (17)	3		12	1
126	2024-02-03 13:40:41.086966+00	16	QuestionSession object (16)	3		12	1
127	2024-02-03 13:40:50.02844+00	33	SurveySession object (33)	3		11	1
128	2024-02-03 13:40:50.033712+00	32	SurveySession object (32)	3		11	1
129	2024-02-03 14:30:53.784642+00	58	Answer object (58)	3		10	1
130	2024-02-03 14:30:53.789619+00	57	Answer object (57)	3		10	1
131	2024-02-03 14:30:53.793234+00	56	Answer object (56)	3		10	1
132	2024-02-03 14:30:53.796895+00	55	Answer object (55)	3		10	1
133	2024-02-03 14:31:02.156005+00	27	QuestionSession object (27)	3		12	1
134	2024-02-03 14:31:02.160303+00	26	QuestionSession object (26)	3		12	1
135	2024-02-03 14:31:02.164081+00	25	QuestionSession object (25)	3		12	1
136	2024-02-03 14:31:02.172006+00	24	QuestionSession object (24)	3		12	1
137	2024-02-03 14:31:02.178467+00	23	QuestionSession object (23)	3		12	1
138	2024-02-03 14:31:02.18635+00	22	QuestionSession object (22)	3		12	1
139	2024-02-03 14:31:09.129523+00	36	SurveySession object (36)	3		11	1
140	2024-02-03 14:31:09.134239+00	35	SurveySession object (35)	3		11	1
141	2024-02-03 14:33:31.954785+00	4	Question object (4)	2	[{"changed": {"fields": ["Survey"]}}]	8	1
142	2024-02-03 14:33:39.731996+00	5	Question object (5)	2	[{"changed": {"fields": ["Survey"]}}]	8	1
143	2024-02-03 14:34:24.060795+00	4	Question object (4)	2	[{"changed": {"fields": ["\\u0412\\u043e\\u043f\\u0440\\u043e\\u0441"]}}]	8	1
144	2024-02-03 14:34:31.486428+00	5	Question object (5)	2	[{"changed": {"fields": ["\\u0412\\u043e\\u043f\\u0440\\u043e\\u0441"]}}]	8	1
145	2024-02-03 14:34:39.713515+00	6	Question object (6)	2	[{"changed": {"fields": ["\\u0412\\u043e\\u043f\\u0440\\u043e\\u0441"]}}]	8	1
146	2024-02-03 14:35:03.298758+00	7	Question object (7)	1	[{"added": {}}]	8	1
147	2024-02-03 14:35:18.728795+00	8	Question object (8)	1	[{"added": {}}]	8	1
148	2024-02-03 14:36:57.138726+00	10	Variant object (10)	3		9	1
149	2024-02-03 14:36:57.143492+00	9	Variant object (9)	3		9	1
150	2024-02-03 14:36:57.146611+00	8	Variant object (8)	3		9	1
151	2024-02-03 14:38:04.679737+00	1	Variant object (1)	2	[{"changed": {"fields": ["\\u0412\\u0430\\u0440\\u0438\\u0430\\u043d\\u0442 \\u043e\\u0442\\u0432\\u0435\\u0442\\u0430", "Next question"]}}]	9	1
152	2024-02-03 14:38:27.661237+00	2	Variant object (2)	2	[{"changed": {"fields": ["\\u0412\\u0430\\u0440\\u0438\\u0430\\u043d\\u0442 \\u043e\\u0442\\u0432\\u0435\\u0442\\u0430", "Next question"]}}]	9	1
153	2024-02-03 14:39:07.467669+00	3	Variant object (3)	2	[{"changed": {"fields": ["\\u0412\\u0430\\u0440\\u0438\\u0430\\u043d\\u0442 \\u043e\\u0442\\u0432\\u0435\\u0442\\u0430", "Parent question", "Next question"]}}]	9	1
154	2024-02-03 14:41:19.524054+00	4	Variant object (4)	2	[{"changed": {"fields": ["\\u0412\\u0430\\u0440\\u0438\\u0430\\u043d\\u0442 \\u043e\\u0442\\u0432\\u0435\\u0442\\u0430", "Next question"]}}]	9	1
155	2024-02-03 14:41:47.35397+00	5	Variant object (5)	2	[{"changed": {"fields": ["\\u0412\\u0430\\u0440\\u0438\\u0430\\u043d\\u0442 \\u043e\\u0442\\u0432\\u0435\\u0442\\u0430", "Next question"]}}]	9	1
156	2024-02-03 14:42:18.507962+00	6	Variant object (6)	2	[{"changed": {"fields": ["\\u0412\\u0430\\u0440\\u0438\\u0430\\u043d\\u0442 \\u043e\\u0442\\u0432\\u0435\\u0442\\u0430", "Next question"]}}]	9	1
157	2024-02-03 14:42:42.431244+00	7	Variant object (7)	2	[{"changed": {"fields": ["\\u0412\\u0430\\u0440\\u0438\\u0430\\u043d\\u0442 \\u043e\\u0442\\u0432\\u0435\\u0442\\u0430", "Next question"]}}]	9	1
158	2024-02-03 15:36:28.954644+00	11	воп4 вар1	1	[{"added": {}}]	9	1
159	2024-02-03 15:37:25.447081+00	12	воп4 вар2	1	[{"added": {}}]	9	1
160	2024-02-03 15:37:55.824563+00	13	воп5 вар1	1	[{"added": {}}]	9	1
161	2024-02-03 15:38:10.597662+00	14	воп5 вар2	1	[{"added": {}}]	9	1
162	2024-02-03 15:38:26.588998+00	15	воп6 вар1	1	[{"added": {}}]	9	1
163	2024-02-03 15:38:42.283359+00	16	воп6 вар2	1	[{"added": {}}]	9	1
164	2024-02-03 15:38:57.850104+00	17	воп7 вар1	1	[{"added": {}}]	9	1
165	2024-02-03 15:39:19.485543+00	18	воп7 вар2	1	[{"added": {}}]	9	1
166	2024-02-03 15:39:32.716148+00	19	воп8 вар1	1	[{"added": {}}]	9	1
167	2024-02-03 15:39:41.972071+00	20	воп8 вар2	1	[{"added": {}}]	9	1
168	2024-02-04 12:20:03.462999+00	1	опр1 воп1 вар1	2	[{"changed": {"fields": ["\\u0412\\u0430\\u0440\\u0438\\u0430\\u043d\\u0442 \\u043e\\u0442\\u0432\\u0435\\u0442\\u0430"]}}]	9	1
169	2024-02-04 12:20:16.494389+00	1	опр1 воп1 вар1	2	[]	9	1
170	2024-02-04 12:20:20.102336+00	1	опр1 воп1 вар1	2	[]	9	1
171	2024-02-04 12:20:34.75525+00	20	опр1 воп8 вар2	2	[{"changed": {"fields": ["\\u0412\\u0430\\u0440\\u0438\\u0430\\u043d\\u0442 \\u043e\\u0442\\u0432\\u0435\\u0442\\u0430"]}}]	9	1
172	2024-02-04 12:20:42.346058+00	19	опр1 воп8 вар1	2	[{"changed": {"fields": ["\\u0412\\u0430\\u0440\\u0438\\u0430\\u043d\\u0442 \\u043e\\u0442\\u0432\\u0435\\u0442\\u0430"]}}]	9	1
173	2024-02-04 12:21:40.574187+00	18	опр1 воп7 вар2	2	[{"changed": {"fields": ["\\u0412\\u0430\\u0440\\u0438\\u0430\\u043d\\u0442 \\u043e\\u0442\\u0432\\u0435\\u0442\\u0430"]}}]	9	1
174	2024-02-04 12:22:06.457304+00	17	опр1 воп7 вар1	2	[{"changed": {"fields": ["\\u0412\\u0430\\u0440\\u0438\\u0430\\u043d\\u0442 \\u043e\\u0442\\u0432\\u0435\\u0442\\u0430"]}}]	9	1
175	2024-02-04 12:22:22.472123+00	16	опр1 воп6 вар2	2	[{"changed": {"fields": ["\\u0412\\u0430\\u0440\\u0438\\u0430\\u043d\\u0442 \\u043e\\u0442\\u0432\\u0435\\u0442\\u0430"]}}]	9	1
176	2024-02-04 12:22:30.058022+00	15	опр1 воп6 вар1	2	[{"changed": {"fields": ["\\u0412\\u0430\\u0440\\u0438\\u0430\\u043d\\u0442 \\u043e\\u0442\\u0432\\u0435\\u0442\\u0430"]}}]	9	1
177	2024-02-04 12:22:36.663939+00	14	опр1 воп5 вар2	2	[{"changed": {"fields": ["\\u0412\\u0430\\u0440\\u0438\\u0430\\u043d\\u0442 \\u043e\\u0442\\u0432\\u0435\\u0442\\u0430"]}}]	9	1
178	2024-02-04 12:22:45.087783+00	13	опр1 воп5 вар1	2	[{"changed": {"fields": ["\\u0412\\u0430\\u0440\\u0438\\u0430\\u043d\\u0442 \\u043e\\u0442\\u0432\\u0435\\u0442\\u0430"]}}]	9	1
179	2024-02-04 12:22:52.903728+00	12	опр1 воп4 вар2	2	[{"changed": {"fields": ["\\u0412\\u0430\\u0440\\u0438\\u0430\\u043d\\u0442 \\u043e\\u0442\\u0432\\u0435\\u0442\\u0430"]}}]	9	1
180	2024-02-04 12:23:01.606783+00	11	опр1 воп4 вар1	2	[{"changed": {"fields": ["\\u0412\\u0430\\u0440\\u0438\\u0430\\u043d\\u0442 \\u043e\\u0442\\u0432\\u0435\\u0442\\u0430"]}}]	9	1
181	2024-02-04 12:23:13.460248+00	7	опр1 воп3 вар2	2	[{"changed": {"fields": ["\\u0412\\u0430\\u0440\\u0438\\u0430\\u043d\\u0442 \\u043e\\u0442\\u0432\\u0435\\u0442\\u0430"]}}]	9	1
182	2024-02-04 12:23:22.674214+00	6	опр1 воп3 вар1	2	[{"changed": {"fields": ["\\u0412\\u0430\\u0440\\u0438\\u0430\\u043d\\u0442 \\u043e\\u0442\\u0432\\u0435\\u0442\\u0430"]}}]	9	1
183	2024-02-04 12:23:28.704432+00	5	опр1 воп2 вар3	2	[{"changed": {"fields": ["\\u0412\\u0430\\u0440\\u0438\\u0430\\u043d\\u0442 \\u043e\\u0442\\u0432\\u0435\\u0442\\u0430"]}}]	9	1
184	2024-02-04 12:23:36.181286+00	4	опр1 воп2 вар2	2	[{"changed": {"fields": ["\\u0412\\u0430\\u0440\\u0438\\u0430\\u043d\\u0442 \\u043e\\u0442\\u0432\\u0435\\u0442\\u0430"]}}]	9	1
185	2024-02-04 12:23:42.36234+00	3	опр1 воп2 вар1	2	[{"changed": {"fields": ["\\u0412\\u0430\\u0440\\u0438\\u0430\\u043d\\u0442 \\u043e\\u0442\\u0432\\u0435\\u0442\\u0430"]}}]	9	1
186	2024-02-04 12:23:50.532045+00	2	опр1 воп1 вар2	2	[{"changed": {"fields": ["\\u0412\\u0430\\u0440\\u0438\\u0430\\u043d\\u0442 \\u043e\\u0442\\u0432\\u0435\\u0442\\u0430"]}}]	9	1
187	2024-02-04 12:37:05.548931+00	9	Question object (9)	1	[{"added": {}}]	8	1
188	2024-02-04 12:37:24.25524+00	10	Question object (10)	1	[{"added": {}}]	8	1
189	2024-02-04 12:37:31.700149+00	11	Question object (11)	1	[{"added": {}}]	8	1
190	2024-02-04 12:37:40.175333+00	12	Question object (12)	1	[{"added": {}}]	8	1
191	2024-02-04 12:37:50.814639+00	13	Question object (13)	1	[{"added": {}}]	8	1
192	2024-02-04 12:37:57.691491+00	14	Question object (14)	1	[{"added": {}}]	8	1
193	2024-02-04 12:38:05.904251+00	15	Question object (15)	1	[{"added": {}}]	8	1
194	2024-02-04 12:38:18.572822+00	16	Question object (16)	1	[{"added": {}}]	8	1
195	2024-02-04 13:07:09.885006+00	21	опр2 воп9 вар	1	[{"added": {}}]	9	1
196	2024-02-04 13:07:58.558228+00	21	опр2 воп9 вар21	2	[{"changed": {"fields": ["\\u0412\\u0430\\u0440\\u0438\\u0430\\u043d\\u0442 \\u043e\\u0442\\u0432\\u0435\\u0442\\u0430"]}}]	9	1
197	2024-02-04 13:08:52.003126+00	22	опр2 воп9 вар22	1	[{"added": {}}]	9	1
198	2024-02-04 13:09:52.646335+00	23	опр2 воп10 вар23	1	[{"added": {}}]	9	1
199	2024-02-04 13:10:19.117374+00	24	опр2 воп10 вар24	1	[{"added": {}}]	9	1
200	2024-02-04 13:11:07.921236+00	25	опр2 воп10 вар25	1	[{"added": {}}]	9	1
201	2024-02-04 13:11:47.037667+00	26	опр2 воп11 вар26	1	[{"added": {}}]	9	1
202	2024-02-04 13:12:18.838548+00	27	опр2 воп11 вар27	1	[{"added": {}}]	9	1
203	2024-02-04 13:12:56.96559+00	28	опр2 воп12 вар28	1	[{"added": {}}]	9	1
204	2024-02-04 13:13:26.542719+00	29	опр2 воп12 вар29	1	[{"added": {}}]	9	1
205	2024-02-04 13:13:48.017592+00	30	опр2 воп13 вар30	1	[{"added": {}}]	9	1
206	2024-02-04 13:14:19.079951+00	31	опр2 воп13 вар31	1	[{"added": {}}]	9	1
207	2024-02-04 13:15:10.900718+00	32	опр2 воп14 вар32	1	[{"added": {}}]	9	1
208	2024-02-04 13:16:04.583592+00	33	опр2 воп14 вар33	1	[{"added": {}}]	9	1
209	2024-02-04 13:16:48.861426+00	34	опр2 воп15 вар34	1	[{"added": {}}]	9	1
210	2024-02-04 13:17:26.371382+00	35	опр2 воп15 вар35	1	[{"added": {}}]	9	1
211	2024-02-04 13:17:56.304179+00	36	опр2 воп16 вар36	1	[{"added": {}}]	9	1
212	2024-02-04 13:18:23.576178+00	37	опр2 воп16 вар37	1	[{"added": {}}]	9	1
213	2024-02-04 13:24:40.556625+00	3	опр1 воп2 вар3	2	[{"changed": {"fields": ["\\u0412\\u0430\\u0440\\u0438\\u0430\\u043d\\u0442 \\u043e\\u0442\\u0432\\u0435\\u0442\\u0430"]}}]	9	1
214	2024-02-04 13:24:52.916219+00	4	опр1 воп2 вар4	2	[{"changed": {"fields": ["\\u0412\\u0430\\u0440\\u0438\\u0430\\u043d\\u0442 \\u043e\\u0442\\u0432\\u0435\\u0442\\u0430"]}}]	9	1
215	2024-02-04 13:25:04.47647+00	5	опр1 воп2 вар5	2	[{"changed": {"fields": ["\\u0412\\u0430\\u0440\\u0438\\u0430\\u043d\\u0442 \\u043e\\u0442\\u0432\\u0435\\u0442\\u0430"]}}]	9	1
216	2024-02-04 13:25:15.505432+00	6	опр1 воп3 вар6	2	[{"changed": {"fields": ["\\u0412\\u0430\\u0440\\u0438\\u0430\\u043d\\u0442 \\u043e\\u0442\\u0432\\u0435\\u0442\\u0430"]}}]	9	1
217	2024-02-04 13:25:24.648498+00	7	опр1 воп3 вар7	2	[{"changed": {"fields": ["\\u0412\\u0430\\u0440\\u0438\\u0430\\u043d\\u0442 \\u043e\\u0442\\u0432\\u0435\\u0442\\u0430"]}}]	9	1
218	2024-02-04 13:25:41.799898+00	11	опр1 воп4 вар11	2	[{"changed": {"fields": ["\\u0412\\u0430\\u0440\\u0438\\u0430\\u043d\\u0442 \\u043e\\u0442\\u0432\\u0435\\u0442\\u0430"]}}]	9	1
219	2024-02-04 13:25:51.054827+00	12	опр1 воп4 вар12	2	[{"changed": {"fields": ["\\u0412\\u0430\\u0440\\u0438\\u0430\\u043d\\u0442 \\u043e\\u0442\\u0432\\u0435\\u0442\\u0430"]}}]	9	1
220	2024-02-04 13:26:00.726489+00	13	опр1 воп5 вар13	2	[{"changed": {"fields": ["\\u0412\\u0430\\u0440\\u0438\\u0430\\u043d\\u0442 \\u043e\\u0442\\u0432\\u0435\\u0442\\u0430"]}}]	9	1
221	2024-02-04 13:26:12.311492+00	14	опр1 воп5 вар14	2	[{"changed": {"fields": ["\\u0412\\u0430\\u0440\\u0438\\u0430\\u043d\\u0442 \\u043e\\u0442\\u0432\\u0435\\u0442\\u0430"]}}]	9	1
222	2024-02-04 13:26:30.658483+00	15	опр1 воп6 вар15	2	[{"changed": {"fields": ["\\u0412\\u0430\\u0440\\u0438\\u0430\\u043d\\u0442 \\u043e\\u0442\\u0432\\u0435\\u0442\\u0430"]}}]	9	1
223	2024-02-04 13:26:40.724057+00	16	опр1 воп6 вар16	2	[{"changed": {"fields": ["\\u0412\\u0430\\u0440\\u0438\\u0430\\u043d\\u0442 \\u043e\\u0442\\u0432\\u0435\\u0442\\u0430"]}}]	9	1
224	2024-02-04 13:26:50.170798+00	17	опр1 воп7 вар17	2	[{"changed": {"fields": ["\\u0412\\u0430\\u0440\\u0438\\u0430\\u043d\\u0442 \\u043e\\u0442\\u0432\\u0435\\u0442\\u0430"]}}]	9	1
225	2024-02-04 13:27:03.405925+00	18	опр1 воп7 вар18	2	[{"changed": {"fields": ["\\u0412\\u0430\\u0440\\u0438\\u0430\\u043d\\u0442 \\u043e\\u0442\\u0432\\u0435\\u0442\\u0430"]}}]	9	1
226	2024-02-04 13:27:14.405299+00	19	опр1 воп8 вар19	2	[{"changed": {"fields": ["\\u0412\\u0430\\u0440\\u0438\\u0430\\u043d\\u0442 \\u043e\\u0442\\u0432\\u0435\\u0442\\u0430"]}}]	9	1
227	2024-02-04 13:27:26.106695+00	20	опр1 воп8 вар20	2	[{"changed": {"fields": ["\\u0412\\u0430\\u0440\\u0438\\u0430\\u043d\\u0442 \\u043e\\u0442\\u0432\\u0435\\u0442\\u0430"]}}]	9	1
\.


--
-- Data for Name: django_content_type; Type: TABLE DATA; Schema: public; Owner: survey
--

COPY public.django_content_type (id, app_label, model) FROM stdin;
1	admin	logentry
2	auth	permission
3	auth	group
4	auth	user
5	contenttypes	contenttype
6	sessions	session
7	main	survey
8	main	question
9	main	variant
10	main	answer
11	main	surveysession
12	main	questionsession
\.


--
-- Data for Name: django_migrations; Type: TABLE DATA; Schema: public; Owner: survey
--

COPY public.django_migrations (id, app, name, applied) FROM stdin;
1	contenttypes	0001_initial	2024-02-02 11:14:06.43928+00
2	auth	0001_initial	2024-02-02 11:14:06.62114+00
3	admin	0001_initial	2024-02-02 11:14:06.66378+00
4	admin	0002_logentry_remove_auto_add	2024-02-02 11:14:06.673119+00
5	admin	0003_logentry_add_action_flag_choices	2024-02-02 11:14:06.685708+00
6	contenttypes	0002_remove_content_type_name	2024-02-02 11:14:06.718101+00
7	auth	0002_alter_permission_name_max_length	2024-02-02 11:14:06.73714+00
8	auth	0003_alter_user_email_max_length	2024-02-02 11:14:06.755232+00
9	auth	0004_alter_user_username_opts	2024-02-02 11:14:06.769153+00
10	auth	0005_alter_user_last_login_null	2024-02-02 11:14:06.785393+00
11	auth	0006_require_contenttypes_0002	2024-02-02 11:14:06.790526+00
12	auth	0007_alter_validators_add_error_messages	2024-02-02 11:14:06.803644+00
13	auth	0008_alter_user_username_max_length	2024-02-02 11:14:06.824785+00
14	auth	0009_alter_user_last_name_max_length	2024-02-02 11:14:06.838153+00
15	auth	0010_alter_group_name_max_length	2024-02-02 11:14:06.852089+00
16	auth	0011_update_proxy_permissions	2024-02-02 11:14:06.861541+00
17	auth	0012_alter_user_first_name_max_length	2024-02-02 11:14:06.877932+00
18	main	0001_initial	2024-02-02 11:14:06.997214+00
19	sessions	0001_initial	2024-02-02 11:14:07.036796+00
20	main	0002_rename_done_answer_answer_alter_question_survey_and_more	2024-02-02 17:44:33.219903+00
21	main	0003_questionsession_surveysession	2024-02-03 11:29:04.296104+00
22	main	0004_answer_session	2024-02-03 12:56:15.978892+00
23	main	0005_rename_question_variant_parent_question_and_more	2024-02-03 14:27:49.508084+00
24	main	0006_alter_variant_next_question	2024-02-03 15:36:12.337163+00
25	main	0007_rename_parent_question_variant_question	2024-02-04 11:39:58.155229+00
26	main	0008_alter_questionsession_unique_together	2024-02-08 23:03:00.889353+00
27	main	0009_alter_answer_options_alter_question_options_and_more	2024-02-08 23:31:33.359706+00
28	main	0010_alter_question_name_alter_survey_name_and_more	2024-02-08 23:40:45.132377+00
\.


--
-- Data for Name: django_session; Type: TABLE DATA; Schema: public; Owner: survey
--

COPY public.django_session (session_key, session_data, expire_date) FROM stdin;
dfrq3py9vjnlq6d7fsbnmpg3vz9zege0	.eJxVjMsOgjAUBf-la9NcSlusS_d8A7mvWtRAQmFl_HclYaHbMzPnZQbc1jJsVZdhFHMxjTn9boT80GkHcsfpNluep3UZye6KPWi1_Sz6vB7u30HBWr41qTrPDGevkBVcQ4IuSetaocyJPQEEcl3GDNAyYYw-5K4LKUViEfP-AAtqONw:1rVrWI:B5rss5y_gUYhBt2EPaxJnLb7uq4UO-6DTmsvpJ0h6I0	2024-02-16 11:15:42.801767+00
pmi6725lbfxh65a6qbmgq1mnyy2wgq9c	e30:1rWFDJ:qlaxqoguJZcvqvpE41pBZ81xXs9tSOfvwSxUlRmPk38	2024-02-17 12:33:41.706077+00
tzznsmndwwmnr5x6e6vyggms1a2yuern	.eJxVjDEOwjAMRe-SGUUpTtqGkZ0zRHZskwJqpaadEHdHkTrA-t97_20S7ltJe5U1TWwupjOn340wP2VugB843xebl3lbJ7JNsQet9rawvK6H-3dQsJZWIzIPPLIKCus56-CDBAWnne-GjATBjToSRRdJvEBAiOCxh14B2Xy-NIs5Ug:1rYCj6:GWZ9FrmDJ2LYKjXYdCZYnVCcHGRT9CY7kW7XnrmX2OU	2024-02-22 22:18:36.946719+00
\.


--
-- Data for Name: main_answer; Type: TABLE DATA; Schema: public; Owner: survey
--

COPY public.main_answer (id, question_id, survey_id, chosen_variant_id, session) FROM stdin;
\.


--
-- Data for Name: main_question; Type: TABLE DATA; Schema: public; Owner: survey
--

COPY public.main_question (id, name, survey_id) FROM stdin;
1	вопрос 1	1
2	вопрос 2	1
3	вопрос 3	1
4	вопрос 4	1
5	вопрос 5	1
6	вопрос 6	1
7	Вопрос 7	1
8	Вопрос 8	1
9	вопрос 9	2
10	вопрос 10	2
11	вопрос 11	2
12	вопрос 12	2
13	вопрос 13	2
14	вопрос 14	2
15	вопрос 15	2
16	вопрос 16	2
\.


--
-- Data for Name: main_questionsession; Type: TABLE DATA; Schema: public; Owner: survey
--

COPY public.main_questionsession (id, session, question_id) FROM stdin;
\.


--
-- Data for Name: main_survey; Type: TABLE DATA; Schema: public; Owner: survey
--

COPY public.main_survey (id, name) FROM stdin;
1	опрос 1
2	опрос 2
\.


--
-- Data for Name: main_surveysession; Type: TABLE DATA; Schema: public; Owner: survey
--

COPY public.main_surveysession (id, session, survey_id) FROM stdin;
\.


--
-- Data for Name: main_variant; Type: TABLE DATA; Schema: public; Owner: survey
--

COPY public.main_variant (id, name, question_id, next_question_id) FROM stdin;
1	опр1 воп1 вар1	1	2
2	опр1 воп1 вар2	1	3
21	опр2 воп9 вар21	9	10
22	опр2 воп9 вар22	9	11
23	опр2 воп10 вар23	10	12
24	опр2 воп10 вар24	10	13
25	опр2 воп10 вар25	10	14
26	опр2 воп11 вар26	11	15
27	опр2 воп11 вар27	11	16
28	опр2 воп12 вар28	12	\N
29	опр2 воп12 вар29	12	\N
30	опр2 воп13 вар30	13	\N
31	опр2 воп13 вар31	13	\N
32	опр2 воп14 вар32	14	\N
33	опр2 воп14 вар33	14	\N
34	опр2 воп15 вар34	15	\N
35	опр2 воп15 вар35	15	\N
36	опр2 воп16 вар36	16	\N
37	опр2 воп16 вар37	16	\N
3	опр1 воп2 вар3	2	4
4	опр1 воп2 вар4	2	5
5	опр1 воп2 вар5	2	6
6	опр1 воп3 вар6	3	7
7	опр1 воп3 вар7	3	8
11	опр1 воп4 вар11	4	\N
12	опр1 воп4 вар12	4	\N
13	опр1 воп5 вар13	5	\N
14	опр1 воп5 вар14	5	\N
15	опр1 воп6 вар15	6	\N
16	опр1 воп6 вар16	6	\N
17	опр1 воп7 вар17	7	\N
18	опр1 воп7 вар18	7	\N
19	опр1 воп8 вар19	8	\N
20	опр1 воп8 вар20	8	\N
\.


--
-- Name: auth_group_id_seq; Type: SEQUENCE SET; Schema: public; Owner: survey
--

SELECT pg_catalog.setval('public.auth_group_id_seq', 1, false);


--
-- Name: auth_group_permissions_id_seq; Type: SEQUENCE SET; Schema: public; Owner: survey
--

SELECT pg_catalog.setval('public.auth_group_permissions_id_seq', 1, false);


--
-- Name: auth_permission_id_seq; Type: SEQUENCE SET; Schema: public; Owner: survey
--

SELECT pg_catalog.setval('public.auth_permission_id_seq', 52, true);


--
-- Name: auth_user_groups_id_seq; Type: SEQUENCE SET; Schema: public; Owner: survey
--

SELECT pg_catalog.setval('public.auth_user_groups_id_seq', 1, false);


--
-- Name: auth_user_id_seq; Type: SEQUENCE SET; Schema: public; Owner: survey
--

SELECT pg_catalog.setval('public.auth_user_id_seq', 1, true);


--
-- Name: auth_user_user_permissions_id_seq; Type: SEQUENCE SET; Schema: public; Owner: survey
--

SELECT pg_catalog.setval('public.auth_user_user_permissions_id_seq', 1, false);


--
-- Name: django_admin_log_id_seq; Type: SEQUENCE SET; Schema: public; Owner: survey
--

SELECT pg_catalog.setval('public.django_admin_log_id_seq', 227, true);


--
-- Name: django_content_type_id_seq; Type: SEQUENCE SET; Schema: public; Owner: survey
--

SELECT pg_catalog.setval('public.django_content_type_id_seq', 12, true);


--
-- Name: django_migrations_id_seq; Type: SEQUENCE SET; Schema: public; Owner: survey
--

SELECT pg_catalog.setval('public.django_migrations_id_seq', 28, true);


--
-- Name: main_done_answer_id_seq; Type: SEQUENCE SET; Schema: public; Owner: survey
--

SELECT pg_catalog.setval('public.main_done_answer_id_seq', 260, true);


--
-- Name: main_question_id_seq; Type: SEQUENCE SET; Schema: public; Owner: survey
--

SELECT pg_catalog.setval('public.main_question_id_seq', 16, true);


--
-- Name: main_questionsession_id_seq; Type: SEQUENCE SET; Schema: public; Owner: survey
--

SELECT pg_catalog.setval('public.main_questionsession_id_seq', 238, true);


--
-- Name: main_survey_id_seq; Type: SEQUENCE SET; Schema: public; Owner: survey
--

SELECT pg_catalog.setval('public.main_survey_id_seq', 3, true);


--
-- Name: main_surveysession_id_seq; Type: SEQUENCE SET; Schema: public; Owner: survey
--

SELECT pg_catalog.setval('public.main_surveysession_id_seq', 134, true);


--
-- Name: main_variant_id_seq; Type: SEQUENCE SET; Schema: public; Owner: survey
--

SELECT pg_catalog.setval('public.main_variant_id_seq', 37, true);


--
-- Name: auth_group auth_group_name_key; Type: CONSTRAINT; Schema: public; Owner: survey
--

ALTER TABLE ONLY public.auth_group
    ADD CONSTRAINT auth_group_name_key UNIQUE (name);


--
-- Name: auth_group_permissions auth_group_permissions_group_id_permission_id_0cd325b0_uniq; Type: CONSTRAINT; Schema: public; Owner: survey
--

ALTER TABLE ONLY public.auth_group_permissions
    ADD CONSTRAINT auth_group_permissions_group_id_permission_id_0cd325b0_uniq UNIQUE (group_id, permission_id);


--
-- Name: auth_group_permissions auth_group_permissions_pkey; Type: CONSTRAINT; Schema: public; Owner: survey
--

ALTER TABLE ONLY public.auth_group_permissions
    ADD CONSTRAINT auth_group_permissions_pkey PRIMARY KEY (id);


--
-- Name: auth_group auth_group_pkey; Type: CONSTRAINT; Schema: public; Owner: survey
--

ALTER TABLE ONLY public.auth_group
    ADD CONSTRAINT auth_group_pkey PRIMARY KEY (id);


--
-- Name: auth_permission auth_permission_content_type_id_codename_01ab375a_uniq; Type: CONSTRAINT; Schema: public; Owner: survey
--

ALTER TABLE ONLY public.auth_permission
    ADD CONSTRAINT auth_permission_content_type_id_codename_01ab375a_uniq UNIQUE (content_type_id, codename);


--
-- Name: auth_permission auth_permission_pkey; Type: CONSTRAINT; Schema: public; Owner: survey
--

ALTER TABLE ONLY public.auth_permission
    ADD CONSTRAINT auth_permission_pkey PRIMARY KEY (id);


--
-- Name: auth_user_groups auth_user_groups_pkey; Type: CONSTRAINT; Schema: public; Owner: survey
--

ALTER TABLE ONLY public.auth_user_groups
    ADD CONSTRAINT auth_user_groups_pkey PRIMARY KEY (id);


--
-- Name: auth_user_groups auth_user_groups_user_id_group_id_94350c0c_uniq; Type: CONSTRAINT; Schema: public; Owner: survey
--

ALTER TABLE ONLY public.auth_user_groups
    ADD CONSTRAINT auth_user_groups_user_id_group_id_94350c0c_uniq UNIQUE (user_id, group_id);


--
-- Name: auth_user auth_user_pkey; Type: CONSTRAINT; Schema: public; Owner: survey
--

ALTER TABLE ONLY public.auth_user
    ADD CONSTRAINT auth_user_pkey PRIMARY KEY (id);


--
-- Name: auth_user_user_permissions auth_user_user_permissions_pkey; Type: CONSTRAINT; Schema: public; Owner: survey
--

ALTER TABLE ONLY public.auth_user_user_permissions
    ADD CONSTRAINT auth_user_user_permissions_pkey PRIMARY KEY (id);


--
-- Name: auth_user_user_permissions auth_user_user_permissions_user_id_permission_id_14a6b632_uniq; Type: CONSTRAINT; Schema: public; Owner: survey
--

ALTER TABLE ONLY public.auth_user_user_permissions
    ADD CONSTRAINT auth_user_user_permissions_user_id_permission_id_14a6b632_uniq UNIQUE (user_id, permission_id);


--
-- Name: auth_user auth_user_username_key; Type: CONSTRAINT; Schema: public; Owner: survey
--

ALTER TABLE ONLY public.auth_user
    ADD CONSTRAINT auth_user_username_key UNIQUE (username);


--
-- Name: django_admin_log django_admin_log_pkey; Type: CONSTRAINT; Schema: public; Owner: survey
--

ALTER TABLE ONLY public.django_admin_log
    ADD CONSTRAINT django_admin_log_pkey PRIMARY KEY (id);


--
-- Name: django_content_type django_content_type_app_label_model_76bd3d3b_uniq; Type: CONSTRAINT; Schema: public; Owner: survey
--

ALTER TABLE ONLY public.django_content_type
    ADD CONSTRAINT django_content_type_app_label_model_76bd3d3b_uniq UNIQUE (app_label, model);


--
-- Name: django_content_type django_content_type_pkey; Type: CONSTRAINT; Schema: public; Owner: survey
--

ALTER TABLE ONLY public.django_content_type
    ADD CONSTRAINT django_content_type_pkey PRIMARY KEY (id);


--
-- Name: django_migrations django_migrations_pkey; Type: CONSTRAINT; Schema: public; Owner: survey
--

ALTER TABLE ONLY public.django_migrations
    ADD CONSTRAINT django_migrations_pkey PRIMARY KEY (id);


--
-- Name: django_session django_session_pkey; Type: CONSTRAINT; Schema: public; Owner: survey
--

ALTER TABLE ONLY public.django_session
    ADD CONSTRAINT django_session_pkey PRIMARY KEY (session_key);


--
-- Name: main_answer main_answer_survey_id_question_id_session_f841bad3_uniq; Type: CONSTRAINT; Schema: public; Owner: survey
--

ALTER TABLE ONLY public.main_answer
    ADD CONSTRAINT main_answer_survey_id_question_id_session_f841bad3_uniq UNIQUE (survey_id, question_id, session);


--
-- Name: main_answer main_done_answer_pkey; Type: CONSTRAINT; Schema: public; Owner: survey
--

ALTER TABLE ONLY public.main_answer
    ADD CONSTRAINT main_done_answer_pkey PRIMARY KEY (id);


--
-- Name: main_question main_question_pkey; Type: CONSTRAINT; Schema: public; Owner: survey
--

ALTER TABLE ONLY public.main_question
    ADD CONSTRAINT main_question_pkey PRIMARY KEY (id);


--
-- Name: main_questionsession main_questionsession_pkey; Type: CONSTRAINT; Schema: public; Owner: survey
--

ALTER TABLE ONLY public.main_questionsession
    ADD CONSTRAINT main_questionsession_pkey PRIMARY KEY (id);


--
-- Name: main_questionsession main_questionsession_question_id_session_c629dc4d_uniq; Type: CONSTRAINT; Schema: public; Owner: survey
--

ALTER TABLE ONLY public.main_questionsession
    ADD CONSTRAINT main_questionsession_question_id_session_c629dc4d_uniq UNIQUE (question_id, session);


--
-- Name: main_survey main_survey_pkey; Type: CONSTRAINT; Schema: public; Owner: survey
--

ALTER TABLE ONLY public.main_survey
    ADD CONSTRAINT main_survey_pkey PRIMARY KEY (id);


--
-- Name: main_surveysession main_surveysession_pkey; Type: CONSTRAINT; Schema: public; Owner: survey
--

ALTER TABLE ONLY public.main_surveysession
    ADD CONSTRAINT main_surveysession_pkey PRIMARY KEY (id);


--
-- Name: main_surveysession main_surveysession_survey_id_session_197656aa_uniq; Type: CONSTRAINT; Schema: public; Owner: survey
--

ALTER TABLE ONLY public.main_surveysession
    ADD CONSTRAINT main_surveysession_survey_id_session_197656aa_uniq UNIQUE (survey_id, session);


--
-- Name: main_variant main_variant_pkey; Type: CONSTRAINT; Schema: public; Owner: survey
--

ALTER TABLE ONLY public.main_variant
    ADD CONSTRAINT main_variant_pkey PRIMARY KEY (id);


--
-- Name: auth_group_name_a6ea08ec_like; Type: INDEX; Schema: public; Owner: survey
--

CREATE INDEX auth_group_name_a6ea08ec_like ON public.auth_group USING btree (name varchar_pattern_ops);


--
-- Name: auth_group_permissions_group_id_b120cbf9; Type: INDEX; Schema: public; Owner: survey
--

CREATE INDEX auth_group_permissions_group_id_b120cbf9 ON public.auth_group_permissions USING btree (group_id);


--
-- Name: auth_group_permissions_permission_id_84c5c92e; Type: INDEX; Schema: public; Owner: survey
--

CREATE INDEX auth_group_permissions_permission_id_84c5c92e ON public.auth_group_permissions USING btree (permission_id);


--
-- Name: auth_permission_content_type_id_2f476e4b; Type: INDEX; Schema: public; Owner: survey
--

CREATE INDEX auth_permission_content_type_id_2f476e4b ON public.auth_permission USING btree (content_type_id);


--
-- Name: auth_user_groups_group_id_97559544; Type: INDEX; Schema: public; Owner: survey
--

CREATE INDEX auth_user_groups_group_id_97559544 ON public.auth_user_groups USING btree (group_id);


--
-- Name: auth_user_groups_user_id_6a12ed8b; Type: INDEX; Schema: public; Owner: survey
--

CREATE INDEX auth_user_groups_user_id_6a12ed8b ON public.auth_user_groups USING btree (user_id);


--
-- Name: auth_user_user_permissions_permission_id_1fbb5f2c; Type: INDEX; Schema: public; Owner: survey
--

CREATE INDEX auth_user_user_permissions_permission_id_1fbb5f2c ON public.auth_user_user_permissions USING btree (permission_id);


--
-- Name: auth_user_user_permissions_user_id_a95ead1b; Type: INDEX; Schema: public; Owner: survey
--

CREATE INDEX auth_user_user_permissions_user_id_a95ead1b ON public.auth_user_user_permissions USING btree (user_id);


--
-- Name: auth_user_username_6821ab7c_like; Type: INDEX; Schema: public; Owner: survey
--

CREATE INDEX auth_user_username_6821ab7c_like ON public.auth_user USING btree (username varchar_pattern_ops);


--
-- Name: django_admin_log_content_type_id_c4bce8eb; Type: INDEX; Schema: public; Owner: survey
--

CREATE INDEX django_admin_log_content_type_id_c4bce8eb ON public.django_admin_log USING btree (content_type_id);


--
-- Name: django_admin_log_user_id_c564eba6; Type: INDEX; Schema: public; Owner: survey
--

CREATE INDEX django_admin_log_user_id_c564eba6 ON public.django_admin_log USING btree (user_id);


--
-- Name: django_session_expire_date_a5c62663; Type: INDEX; Schema: public; Owner: survey
--

CREATE INDEX django_session_expire_date_a5c62663 ON public.django_session USING btree (expire_date);


--
-- Name: django_session_session_key_c0390e0f_like; Type: INDEX; Schema: public; Owner: survey
--

CREATE INDEX django_session_session_key_c0390e0f_like ON public.django_session USING btree (session_key varchar_pattern_ops);


--
-- Name: main_done_answer_chosen_variant_id_26b3b3af; Type: INDEX; Schema: public; Owner: survey
--

CREATE INDEX main_done_answer_chosen_variant_id_26b3b3af ON public.main_answer USING btree (chosen_variant_id);


--
-- Name: main_done_answer_question_id_69826db2; Type: INDEX; Schema: public; Owner: survey
--

CREATE INDEX main_done_answer_question_id_69826db2 ON public.main_answer USING btree (question_id);


--
-- Name: main_done_answer_survey_id_bf6d0ef7; Type: INDEX; Schema: public; Owner: survey
--

CREATE INDEX main_done_answer_survey_id_bf6d0ef7 ON public.main_answer USING btree (survey_id);


--
-- Name: main_question_survey_id_1e56f8ab; Type: INDEX; Schema: public; Owner: survey
--

CREATE INDEX main_question_survey_id_1e56f8ab ON public.main_question USING btree (survey_id);


--
-- Name: main_questionsession_question_id_3e8a17ac; Type: INDEX; Schema: public; Owner: survey
--

CREATE INDEX main_questionsession_question_id_3e8a17ac ON public.main_questionsession USING btree (question_id);


--
-- Name: main_surveysession_survey_id_e25b5e30; Type: INDEX; Schema: public; Owner: survey
--

CREATE INDEX main_surveysession_survey_id_e25b5e30 ON public.main_surveysession USING btree (survey_id);


--
-- Name: main_variant_next_question_id_f205c69b; Type: INDEX; Schema: public; Owner: survey
--

CREATE INDEX main_variant_next_question_id_f205c69b ON public.main_variant USING btree (next_question_id);


--
-- Name: main_variant_question_id_406e3ee8; Type: INDEX; Schema: public; Owner: survey
--

CREATE INDEX main_variant_question_id_406e3ee8 ON public.main_variant USING btree (question_id);


--
-- Name: auth_group_permissions auth_group_permissio_permission_id_84c5c92e_fk_auth_perm; Type: FK CONSTRAINT; Schema: public; Owner: survey
--

ALTER TABLE ONLY public.auth_group_permissions
    ADD CONSTRAINT auth_group_permissio_permission_id_84c5c92e_fk_auth_perm FOREIGN KEY (permission_id) REFERENCES public.auth_permission(id) DEFERRABLE INITIALLY DEFERRED;


--
-- Name: auth_group_permissions auth_group_permissions_group_id_b120cbf9_fk_auth_group_id; Type: FK CONSTRAINT; Schema: public; Owner: survey
--

ALTER TABLE ONLY public.auth_group_permissions
    ADD CONSTRAINT auth_group_permissions_group_id_b120cbf9_fk_auth_group_id FOREIGN KEY (group_id) REFERENCES public.auth_group(id) DEFERRABLE INITIALLY DEFERRED;


--
-- Name: auth_permission auth_permission_content_type_id_2f476e4b_fk_django_co; Type: FK CONSTRAINT; Schema: public; Owner: survey
--

ALTER TABLE ONLY public.auth_permission
    ADD CONSTRAINT auth_permission_content_type_id_2f476e4b_fk_django_co FOREIGN KEY (content_type_id) REFERENCES public.django_content_type(id) DEFERRABLE INITIALLY DEFERRED;


--
-- Name: auth_user_groups auth_user_groups_group_id_97559544_fk_auth_group_id; Type: FK CONSTRAINT; Schema: public; Owner: survey
--

ALTER TABLE ONLY public.auth_user_groups
    ADD CONSTRAINT auth_user_groups_group_id_97559544_fk_auth_group_id FOREIGN KEY (group_id) REFERENCES public.auth_group(id) DEFERRABLE INITIALLY DEFERRED;


--
-- Name: auth_user_groups auth_user_groups_user_id_6a12ed8b_fk_auth_user_id; Type: FK CONSTRAINT; Schema: public; Owner: survey
--

ALTER TABLE ONLY public.auth_user_groups
    ADD CONSTRAINT auth_user_groups_user_id_6a12ed8b_fk_auth_user_id FOREIGN KEY (user_id) REFERENCES public.auth_user(id) DEFERRABLE INITIALLY DEFERRED;


--
-- Name: auth_user_user_permissions auth_user_user_permi_permission_id_1fbb5f2c_fk_auth_perm; Type: FK CONSTRAINT; Schema: public; Owner: survey
--

ALTER TABLE ONLY public.auth_user_user_permissions
    ADD CONSTRAINT auth_user_user_permi_permission_id_1fbb5f2c_fk_auth_perm FOREIGN KEY (permission_id) REFERENCES public.auth_permission(id) DEFERRABLE INITIALLY DEFERRED;


--
-- Name: auth_user_user_permissions auth_user_user_permissions_user_id_a95ead1b_fk_auth_user_id; Type: FK CONSTRAINT; Schema: public; Owner: survey
--

ALTER TABLE ONLY public.auth_user_user_permissions
    ADD CONSTRAINT auth_user_user_permissions_user_id_a95ead1b_fk_auth_user_id FOREIGN KEY (user_id) REFERENCES public.auth_user(id) DEFERRABLE INITIALLY DEFERRED;


--
-- Name: django_admin_log django_admin_log_content_type_id_c4bce8eb_fk_django_co; Type: FK CONSTRAINT; Schema: public; Owner: survey
--

ALTER TABLE ONLY public.django_admin_log
    ADD CONSTRAINT django_admin_log_content_type_id_c4bce8eb_fk_django_co FOREIGN KEY (content_type_id) REFERENCES public.django_content_type(id) DEFERRABLE INITIALLY DEFERRED;


--
-- Name: django_admin_log django_admin_log_user_id_c564eba6_fk_auth_user_id; Type: FK CONSTRAINT; Schema: public; Owner: survey
--

ALTER TABLE ONLY public.django_admin_log
    ADD CONSTRAINT django_admin_log_user_id_c564eba6_fk_auth_user_id FOREIGN KEY (user_id) REFERENCES public.auth_user(id) DEFERRABLE INITIALLY DEFERRED;


--
-- Name: main_answer main_done_answer_chosen_variant_id_26b3b3af_fk_main_variant_id; Type: FK CONSTRAINT; Schema: public; Owner: survey
--

ALTER TABLE ONLY public.main_answer
    ADD CONSTRAINT main_done_answer_chosen_variant_id_26b3b3af_fk_main_variant_id FOREIGN KEY (chosen_variant_id) REFERENCES public.main_variant(id) DEFERRABLE INITIALLY DEFERRED;


--
-- Name: main_answer main_done_answer_question_id_69826db2_fk_main_question_id; Type: FK CONSTRAINT; Schema: public; Owner: survey
--

ALTER TABLE ONLY public.main_answer
    ADD CONSTRAINT main_done_answer_question_id_69826db2_fk_main_question_id FOREIGN KEY (question_id) REFERENCES public.main_question(id) DEFERRABLE INITIALLY DEFERRED;


--
-- Name: main_answer main_done_answer_survey_id_bf6d0ef7_fk_main_survey_id; Type: FK CONSTRAINT; Schema: public; Owner: survey
--

ALTER TABLE ONLY public.main_answer
    ADD CONSTRAINT main_done_answer_survey_id_bf6d0ef7_fk_main_survey_id FOREIGN KEY (survey_id) REFERENCES public.main_survey(id) DEFERRABLE INITIALLY DEFERRED;


--
-- Name: main_question main_question_survey_id_1e56f8ab_fk_main_survey_id; Type: FK CONSTRAINT; Schema: public; Owner: survey
--

ALTER TABLE ONLY public.main_question
    ADD CONSTRAINT main_question_survey_id_1e56f8ab_fk_main_survey_id FOREIGN KEY (survey_id) REFERENCES public.main_survey(id) DEFERRABLE INITIALLY DEFERRED;


--
-- Name: main_questionsession main_questionsession_question_id_3e8a17ac_fk_main_question_id; Type: FK CONSTRAINT; Schema: public; Owner: survey
--

ALTER TABLE ONLY public.main_questionsession
    ADD CONSTRAINT main_questionsession_question_id_3e8a17ac_fk_main_question_id FOREIGN KEY (question_id) REFERENCES public.main_question(id) DEFERRABLE INITIALLY DEFERRED;


--
-- Name: main_surveysession main_surveysession_survey_id_e25b5e30_fk_main_survey_id; Type: FK CONSTRAINT; Schema: public; Owner: survey
--

ALTER TABLE ONLY public.main_surveysession
    ADD CONSTRAINT main_surveysession_survey_id_e25b5e30_fk_main_survey_id FOREIGN KEY (survey_id) REFERENCES public.main_survey(id) DEFERRABLE INITIALLY DEFERRED;


--
-- Name: main_variant main_variant_next_question_id_f205c69b_fk_main_question_id; Type: FK CONSTRAINT; Schema: public; Owner: survey
--

ALTER TABLE ONLY public.main_variant
    ADD CONSTRAINT main_variant_next_question_id_f205c69b_fk_main_question_id FOREIGN KEY (next_question_id) REFERENCES public.main_question(id) DEFERRABLE INITIALLY DEFERRED;


--
-- Name: main_variant main_variant_question_id_406e3ee8_fk_main_question_id; Type: FK CONSTRAINT; Schema: public; Owner: survey
--

ALTER TABLE ONLY public.main_variant
    ADD CONSTRAINT main_variant_question_id_406e3ee8_fk_main_question_id FOREIGN KEY (question_id) REFERENCES public.main_question(id) DEFERRABLE INITIALLY DEFERRED;


--
-- PostgreSQL database dump complete
--

